{"parent":"item/handheld","textures":{"layer0":"item/diamond_pickaxe"},"overrides":[{"predicate":{"custom_model_data":1001},"model":"default/legendary_hammer"},{"predicate":{"custom_model_data":1002},"model":"default/earth_hammer"},{"predicate":{"custom_model_data":1003},"model":"emerald_hammer"},{"predicate":{"custom_model_data":1004},"model":"amethyst_hammer"},{"predicate":{"custom_model_data":1005},"model":"onyx_hammer"},{"predicate":{"custom_model_data":1006},"model":"orax_hammer"},{"predicate":{"custom_model_data":1007},"model":"fire_hammer"}]}