{"parent":"item/generated","textures":{"layer0":"item/paper"},"overrides":[{"predicate":{"custom_model_data":1000},"model":"emerald_helmet"},{"predicate":{"custom_model_data":1001},"model":"emerald_chestplate"},{"predicate":{"custom_model_data":1002},"model":"emerald_leggings"},{"predicate":{"custom_model_data":1003},"model":"emerald_boots"},{"predicate":{"custom_model_data":1004},"model":"obsidian_helmet"},{"predicate":{"custom_model_data":1005},"model":"obsidian_chestplate"},{"predicate":{"custom_model_data":1006},"model":"obsidian_leggings"},{"predicate":{"custom_model_data":1007},"model":"obsidian_boots"},{"predicate":{"custom_model_data":1008},"model":"ruby_helmet"},{"predicate":{"custom_model_data":1009},"model":"ruby_chestplate"},{"predicate":{"custom_model_data":1010},"model":"ruby_leggings"},{"predicate":{"custom_model_data":1011},"model":"ruby_boots"},{"predicate":{"custom_model_data":1012},"model":"default/caveblock"},{"predicate":{"custom_model_data":1013},"model":"amethyst_ore"},{"predicate":{"custom_model_data":1014},"model":"ruby_ore"},{"predicate":{"custom_model_data":1015},"model":"onyx_ore"},{"predicate":{"custom_model_data":1016},"model":"orax_ore"},{"predicate":{"custom_model_data":1017},"model":"brunnera"},{"predicate":{"custom_model_data":1018},"model":"daffodil"},{"predicate":{"custom_model_data":1019},"model":"dailily"},{"predicate":{"custom_model_data":1020},"model":"default/table"},{"predicate":{"custom_model_data":1021},"model":"default/cart"},{"predicate":{"custom_model_data":1022},"model":"default/chair"},{"predicate":{"custom_model_data":1023},"model":"default/coach"},{"predicate":{"custom_model_data":1024},"model":"default/shelf"},{"predicate":{"custom_model_data":1025},"model":"default/turntable_closed"},{"predicate":{"custom_model_data":1026},"model":"default/turntable_opened"},{"predicate":{"custom_model_data":1027},"model":"arrow_next_icon"},{"predicate":{"custom_model_data":1028},"model":"arrow_previous_icon"},{"predicate":{"custom_model_data":1029},"model":"exit_icon"},{"predicate":{"custom_model_data":1030},"model":"default/anubis_head"},{"predicate":{"custom_model_data":1031},"model":"default/crown"},{"predicate":{"custom_model_data":1032},"model":"default/pharaoh_head"},{"predicate":{"custom_model_data":1033},"model":"default/witch_hat"},{"predicate":{"custom_model_data":1034},"model":"default/space_helmet"},{"predicate":{"custom_model_data":1035},"model":"miner_sandwitch"},{"predicate":{"custom_model_data":1036},"model":"amethyst"},{"predicate":{"custom_model_data":1037},"model":"ruby"},{"predicate":{"custom_model_data":1038},"model":"onyx"},{"predicate":{"custom_model_data":1039},"model":"orax"},{"predicate":{"custom_model_data":1040},"model":"block/fire_floor0"},{"predicate":{"custom_model_data":1041},"model":"welcome_disk"},{"predicate":{"custom_model_data":1042},"model":"weed_seed"},{"predicate":{"custom_model_data":1043},"model":"default/weed/stage0"},{"predicate":{"custom_model_data":1044},"model":"default/weed/stage1"},{"predicate":{"custom_model_data":1045},"model":"default/weed/stage2"},{"predicate":{"custom_model_data":1046},"model":"default/weed/stage3"},{"predicate":{"custom_model_data":1047},"model":"grape_seeds"},{"predicate":{"custom_model_data":1048},"model":"default/grape/stage0"},{"predicate":{"custom_model_data":1049},"model":"default/grape/stage1"},{"predicate":{"custom_model_data":1050},"model":"default/grape/stage2"},{"predicate":{"custom_model_data":1051},"model":"default/grape/stage3"},{"predicate":{"custom_model_data":1052},"model":"default/grape/stage4"},{"predicate":{"custom_model_data":1053},"model":"iron_cog"},{"predicate":{"custom_model_data":1054},"model":"gold_cog"},{"predicate":{"custom_model_data":1055},"model":"diamond_cog"}]}